ID,Species,Site,Femur_mm,ClutchSize,EggMass,NOvarioles,NFunctOvarioles,PropFunctOvarioles,Elevation_m,logEggs,ClutchMass_g
A1,A. clavatus,A1,11.03,3,0.00543,4,4,1,2195,1.098612289,0.016299999
A2,A. clavatus,A1,11.57,3,0.0044,6,6,1,2195,1.098612289,0.0132
A3,A. clavatus,A1,12.03,2,0.0035,5,5,1,2195,0.693147181,0.007
A5,A. clavatus,A1,12.23,3,0.0045,6,6,1,2195,1.098612289,0.0135
A20,A. clavatus,A1,11.79,3,0.0053,6,6,1,2195,1.098612289,0.0159
A10,A. clavatus,A1,12.26,,,6,5,0.83,2195,,
A8,A. clavatus,A1,11.47,,,4,3,0.75,2195,,
A12,A. clavatus,A1,11.43,4,0.00487,6,4,0.67,2195,1.386294361,0.019484
A13,A. clavatus,A1,11.27,4,0.00534,6,4,0.67,2195,1.386294361,0.02134
A14,A. clavatus,A1,11.69,4,0.00406,6,4,0.67,2195,1.386294361,0.01622
A16,A. clavatus,A1,11.56,3,0.00377,6,4,0.67,2195,1.098612289,0.0113001
A17,A. clavatus,A1,12.53,4,0.00533,6,4,0.67,2195,1.386294361,0.0213
A19,A. clavatus,A1,12.45,3,0.0065,6,4,0.67,2195,1.098612289,0.0195
A21,A. clavatus,A1,11.75,4,0.00533,6,4,0.67,2195,1.386294361,0.0213332
A22,A. clavatus,A1,11.77,,,6,4,0.67,2195,,
A23,A. clavatus,A1,12.43,,,6,4,0.67,2195,,
A24,A. clavatus,A1,12.4,3,0.0047,6,4,0.67,2195,1.098612289,0.0141
A25,A. clavatus,A1,10.65,,,6,4,0.67,2195,,
A9,A. clavatus,A1,11.68,3,0.0047,6,3,0.5,2195,1.098612289,0.0141
A11,A. clavatus,A1,11.55,2,0.00605,6,3,0.5,2195,0.693147181,0.0121
A3 6-13,A. clavatus,A1,11.22,,,,,,2195,,
A1 6-13,A. clavatus,A1,11.95,,,,,,2195,,
A2 6-13,A. clavatus,A1,11.89,4,0.00428,,,,2195,1.386294361,0.01712
A19 6/13,A. clavatus,A1,12.78,4,0.00397,,,,2195,1.386294361,0.0158748
A10x 6-11,A. clavatus,A1,12.09,4,0.00449,,,,2195,1.386294361,0.017946
A4,A. clavatus,A1,11.74,,,,,,2195,,
A6,A. clavatus,A1,11.31,,,,,,2195,,
A7,A. clavatus,A1,11.59,,,,,,2195,,
A15,A. clavatus,A1,11.37,4,0.0046,,,,2195,1.386294361,0.0184
A18,A. clavatus,A1,11.84,4,0.00527,,,,2195,1.386294361,0.0210782
B9,A. clavatus,B1,11.67,,,6,6,1,2591,,
B1,A. clavatus,B1,11.02,3,0.00515,6,4,0.67,2591,1.098612289,0.01545
B2,A. clavatus,B1,11.51,,,6,4,0.67,2591,,
B4,A. clavatus,B1,11.43,,,6,4,0.67,2591,,
B5,A. clavatus,B1,10.85,,,6,4,0.67,2591,,
B8,A. clavatus,B1,11.01,,,6,4,0.67,2591,,
B11,A. clavatus,B1,11.87,4,0.006,6,4,0.67,2591,1.386294361,0.024
B12,A. clavatus,B1,11.58,4,0.0063,6,4,0.67,2591,1.386294361,0.0252
B13,A. clavatus,B1,11.71,4,0.00457,6,4,0.67,2591,1.386294361,0.0182668
B14,A. clavatus,B1,10.99,4,0.00535,6,4,0.67,2591,1.386294361,0.0214
B16,A. clavatus,B1,11.47,4,0.00518,6,4,0.67,2591,1.386294361,0.0207
B20,A. clavatus,B1,10.88,2,0.004,6,4,0.67,2591,0.693147181,0.008
Bu,A. clavatus,B1,,,,6,4,0.67,2591,,
Bv,A. clavatus,B1,,,,6,4,0.67,2591,,
Bw,A. clavatus,B1,,,,6,4,0.67,2591,,
Bx,A. clavatus,B1,,,,6,4,0.67,2591,,
By,A. clavatus,B1,,,,6,4,0.67,2591,,
Bz,A. clavatus,B1,,,,6,4,0.67,2591,,
B15,A. clavatus,B1,11.68,,,6,3,0.5,2591,,
B7,A. clavatus,B1,11.09,4,0.00533,6,2,0.33,2591,1.386294361,0.0213332
B4 6-11,A. clavatus,B1,12.08,2,0.0035,,,,2591,0.693147181,0.007
B14 6-11,A. clavatus,B1,11.34,,,,,,2591,,
B27 6-11,A. clavatus,B1,11.1,4,0.003,,,,2591,1.386294361,0.012
B6 6-11,A. clavatus,B1,11.39,4,0.00413,,,,2591,1.386294361,0.0165
B24 6-11,A. clavatus,B1,11.44,4,0.0037,,,,2591,1.386294361,0.0148
B18 6-11,A. clavatus,B1,11.63,,,,,,2591,,
B17 6-11,A. clavatus,B1,12.09,2,0.0046,,,,2591,0.693147181,0.0092
B19 6-11,A. clavatus,B1,10.99,2,0.0033,,,,2591,0.693147181,0.0066
B16 6-11,A. clavatus,B1,12.27,2,0.0039,,,,2591,0.693147181,0.0078
B12 6-11,A. clavatus,B1,11.33,4,0.00378,,,,2591,1.386294361,0.0151
B2 6-5,A. clavatus,B1,,4,0.00388,,,,2591,1.386294361,0.0155
B10 6-11,A. clavatus,B1,,,,,,,2591,,
B5 6-11,A. clavatus,B1,11.45,4,0.0036,,,,2591,1.386294361,0.0144
B1 6-11 6/18,A. clavatus,B1,10.85,,,,,,2591,,
B20 6-11,A. clavatus,B1,11.19,4,0.0044,,,,2591,1.386294361,0.0176
B3 6-11,A. clavatus,B1,,,,,,,2591,,
B9 6-11,A. clavatus,B1,11.55,,,,,,2591,,
B26 6-11,A. clavatus,B1,11.88,,,,,,2591,,
B25 6-11,A. clavatus,B1,,3,0.0032,,,,2591,1.098612289,0.0096
B19,A. clavatus,B1,10.36,,,,,,2591,,
D20,A. clavatus,D1,10.39,4,0.0053,5,4,0.8,3515,1.386294361,0.0212
D1,A. clavatus,D1,9.93,4,0.00475,6,4,0.67,3515,1.386294361,0.01901
D2,A. clavatus,D1,10.7,2,0.00426,6,4,0.67,3515,0.693147181,0.00852
D3,A. clavatus,D1,10.07,3,0.00457,6,4,0.67,3515,1.098612289,0.01371
D5,A. clavatus,D1,9.98,,,6,4,0.67,3515,,
D12,A. clavatus,D1,10.09,3,0.00397,6,4,0.67,3515,1.098612289,0.01191
D13,A. clavatus,D1,9.68,4,0.00395,6,4,0.67,3515,1.386294361,0.0158
D14,A. clavatus,D1,10.16,4,0.0038,6,4,0.67,3515,1.386294361,0.0152
D15,A. clavatus,D1,10.53,3,0.0047,6,4,0.67,3515,1.098612289,0.0141
D16,A. clavatus,D1,10.05,4,0.00383,6,4,0.67,3515,1.386294361,0.015333332
D17,A. clavatus,D1,10.43,4,0.00468,6,4,0.67,3515,1.386294361,0.0187
D18,A. clavatus,D1,9.28,4,0.00425,6,4,0.67,3515,1.386294361,0.017
D19,A. clavatus,D1,10,8,0.00459,6,4,0.67,3515,2.079441542,0.0367
D21,A. clavatus,D1,10.31,4,0.00438,6,4,0.67,3515,1.386294361,0.0175
D22,A. clavatus,D1,10.12,4,0.00425,6,4,0.67,3515,1.386294361,0.017
D23,A. clavatus,D1,10.49,,,6,4,0.67,3515,,
D25,A. clavatus,D1,9.59,,,6,4,0.67,3515,,
D26,A. clavatus,D1,10.42,,,6,4,0.67,3515,,
D27,A. clavatus,D1,9.71,,,6,4,0.67,3515,,
D24,A. clavatus,D1,9.47,,,6,3,0.5,3515,,
D1 7/14,A. clavatus,D1,10.49,,,,,,3515,,
D2 8-14,A. clavatus,D1,9.78,,,,,,3515,,
D16 8-14,A. clavatus,D1,9.64,,,,,,3515,,
D1 8-14,A. clavatus,D1,9.8,,,,,,3515,,
D4,A. clavatus,D1,10.04,3,0.00477,,,,3515,1.098612289,0.014295
D6,A. clavatus,D1,10.19,4,0.00478,,,,3515,1.386294361,0.0191
D7,A. clavatus,D1,9.46,4,0.00423,,,,3515,1.386294361,0.0169
D8,A. clavatus,D1,10.36,5,0.00455,,,,3515,1.609437912,0.02275
D10,A. clavatus,D1,9.86,4,0.00497,,,,3515,1.386294361,0.019866668
D11,A. clavatus,D1,10.42,3,0.0041,,,,3515,1.098612289,0.0123
RF26,A. clavatus,RedFox,11.6,,,4,4,1,1577,,
RF3,A. clavatus,RedFox,11.65,,,6,4,0.67,1577,,
RF4,A. clavatus,RedFox,12.32,,,6,4,0.67,1577,,
RF7,A. clavatus,RedFox,11.71,,,6,4,0.67,1577,,
RF8,A. clavatus,RedFox,12.62,3,0.0051,6,4,0.67,1577,1.098612289,0.0153
RF9,A. clavatus,RedFox,11.54,6,0.00525,6,4,0.67,1577,1.791759469,0.0315
RF11,A. clavatus,RedFox,12.77,5,0.00485,6,4,0.67,1577,1.609437912,0.02425
RF12,A. clavatus,RedFox,12.73,4,0.0055,6,4,0.67,1577,1.386294361,0.022
RF13,A. clavatus,RedFox,12.2,4,0.00473,6,4,0.67,1577,1.386294361,0.0189
RF14,A. clavatus,RedFox,11.84,4,0.00427,6,4,0.67,1577,1.386294361,0.01706
RF15,A. clavatus,RedFox,11.9,,,6,4,0.67,1577,,
RF16,A. clavatus,RedFox,12.2,,,6,4,0.67,1577,,
RF17,A. clavatus,RedFox,,,,6,4,0.67,1577,,
RF19,A. clavatus,RedFox,12.11,,,6,4,0.67,1577,,
RF21,A. clavatus,RedFox,,,,6,4,0.67,1577,,
RF22,A. clavatus,RedFox,,,,6,4,0.67,1577,,
RF23,A. clavatus,RedFox,12.02,,,6,4,0.67,1577,,
RF25,A. clavatus,RedFox,12.29,4,0.0054,6,4,0.67,1577,1.386294361,0.0216
RF27,A. clavatus,RedFox,11.51,,,6,4,0.67,1577,,
RF28,A. clavatus,RedFox,12.01,8,0.00519,6,4,0.67,1577,2.079441542,0.0414856
RF22 6/05,A. clavatus,RedFox,12.78,3,0.00283,,,,1577,1.098612289,0.008499999
RF31 6-8,A. clavatus,RedFox,12.63,4,0.00265,,,,1577,1.386294361,0.0106
RF3 6-8,A. clavatus,RedFox,12.3,4,0.0026,,,,1577,1.386294361,0.0104
RF17 6-8,A. clavatus,RedFox,12.13,4,0.0032,,,,1577,1.386294361,0.0128
RF8 6-8,A. clavatus,RedFox,12.27,4,0.0037,,,,1577,1.386294361,0.0148
RF32 6/08,A. clavatus,RedFox,12.59,4,0.00253,,,,1577,1.386294361,0.0101
RF33,A. clavatus,RedFox,12.63,4,0.00265,,,,1577,1.386294361,0.0106
RF16 6-11,A. clavatus,RedFox,12.46,4,0.00208,,,,1577,1.386294361,0.0083
RF12 6-8,A. clavatus,RedFox,12.25,3,0.00267,,,,1577,1.098612289,0.008000001
RF11 6-11,A. clavatus,RedFox,12.06,4,0.00258,,,,1577,1.386294361,0.0103
RF1,A. clavatus,RedFox,11.47,4,0.00465,,,,1577,1.386294361,0.01859
RF2,A. clavatus,RedFox,12.05,4,0.00359,,,,1577,1.386294361,0.01437
RF24,A. clavatus,RedFox,12.26,,,,,,1577,,
A4 6/18,M. boulderensis,A1,13.13,13,0.00802,14,14,1,2195,2.564949357,0.104200005
A20 6-13,M. boulderensis,A1,13.18,13,0.00682,14,14,1,2195,2.564949357,0.088700001
A18 6-13,M. boulderensis,A1,13.26,14,0.00678,14,14,1,2195,2.63905733,0.094899994
A14 6-13,M. boulderensis,A1,13.46,16,0.00767,16,16,1,2195,2.772588722,0.1227
A11 6-13,M. boulderensis,A1,13.18,,0.00681,14,14,1,2195,,
A3,M. boulderensis,A1,13.04,14,0.00852,14,14,1,2195,2.63905733,0.119240002
A5,M. boulderensis,A1,12.78,14,0.00639,14,14,1,2195,2.63905733,0.089492312
A6,M. boulderensis,A1,13.1,13,0.00786,13,13,1,2195,2.564949357,0.102199994
A7,M. boulderensis,A1,12.57,,,14,14,1,2195,,
A8,M. boulderensis,A1,13.14,15,0.00786,16,16,1,2195,2.708050201,0.1179
A10,M. boulderensis,A1,12.59,,,13,13,1,2195,,
A11,M. boulderensis,A1,12.76,13,0.00804,15,15,1,2195,2.564949357,0.104500006
A12,M. boulderensis,A1,13.26,13,0.00743,14,14,1,2195,2.564949357,0.096599997
A16,M. boulderensis,A1,13.11,,,14,14,1,2195,,
A17,M. boulderensis,A1,12.73,,,17,16,0.94,2195,,
A3 6/21,M. boulderensis,A1,13.14,12,0.00663,16,15,0.94,2195,2.48490665,0.0795
A10,M. boulderensis,A1,12.83,,,16,15,0.94,2195,,
A15,M. boulderensis,A1,12.73,,,16,15,0.94,2195,,
A2,M. boulderensis,A1,13.26,13,0.00703,14,13,0.93,2195,2.564949357,0.091399997
A12 6-13,M. boulderensis,A1,12.86,15,0.00681,17,15,0.88,2195,2.708050201,0.102100005
A1,M. boulderensis,A1,12.54,13,0.00691,14,12,0.86,2195,2.564949357,0.089799996
A4,M. boulderensis,A1,12.12,,,14,12,0.86,2195,,
A3 6-13,M. boulderensis,A1,13.29,,,16,12,0.75,2195,,
A23 6-13,M. boulderensis,A1,,11,0.00705,14,9,0.64,2195,2.397895273,0.077599995
A21 6-13,M. boulderensis,A1,12.24,,,15,9,0.6,2195,,
A13 6-13,M. boulderensis,A1,,11,0.00646,,,,2195,2.397895273,0.071099996
A1 6-13,M. boulderensis,A1,13.77,13,0.00755,,,,2195,2.564949357,0.098100002
A24 6-13,M. boulderensis,A1,13.28,13,0.00828,,,,2195,2.564949357,0.107599999
A4 6-13,M. boulderensis,A1,13.87,14,0.00681,,,,2195,2.63905733,0.095300002
A16 6-13,M. boulderensis,A1,13.09,14,0.00679,,,,2195,2.63905733,0.094999996
A11 6/21,M. boulderensis,A1,13.42,14,0.00681,,,,2195,2.63905733,0.095400004
A12 6/21,M. boulderensis,A1,13.09,15,0.00672,,,,2195,2.708050201,0.1008
A1 6/18,M. boulderensis,A1,13.84,15,0.00778,,,,2195,2.708050201,0.1167
A1 7-2,M. boulderensis,A1,13.45,,,,,,2195,,
B3 6-11,M. boulderensis,B1,12.35,15,0.00568,18,18,1,2591,2.708050201,0.0852
B8 6-11,M. boulderensis,B1,12.55,16,0.00555,16,16,1,2591,2.772588722,0.08885
B12 6-11,M. boulderensis,B1,12.81,,,14,14,1,2591,,
B7 6-12,M. boulderensis,B1,12.54,,0.00673,16,16,1,2591,,
B7,M. boulderensis,B1,12.96,15,0.00656,14,14,1,2591,2.708050201,0.0984
B8,M. boulderensis,B1,11.61,9,0.00688,17,17,1,2591,2.197224577,0.06190002
B9,M. boulderensis,B1,12.76,14,0.00554,16,16,1,2591,2.63905733,0.077599998
B10,M. boulderensis,B1,12.82,,,14,14,1,2591,,
B11,M. boulderensis,B1,13.01,14,0.00641,16,16,1,2591,2.63905733,0.089700002
B12,M. boulderensis,B1,12.59,16,0.00746,16,16,1,2591,2.772588722,0.1194
B13,M. boulderensis,B1,13.18,16,0.00682,16,16,1,2591,2.772588722,0.1091
B2 6-11,M. boulderensis,B1,12.24,16,0.00609,18,17,0.94,2591,2.772588722,0.0974
B4,M. boulderensis,B1,11.37,10,0.00642,17,16,0.94,2591,2.302585093,0.06418
B7 6-11,M. boulderensis,B1,12.81,,,14,13,0.93,2591,,
B6 6-12,M. boulderensis,B1,12.83,15,0.00553,18,16,0.89,2591,2.708050201,0.082999995
B2,M. boulderensis,B1,12.21,,,18,16,0.89,2591,,
B1,M. boulderensis,B1,11.82,9,0.00778,16,14,0.88,2591,2.197224577,0.070000002
B6 6-11,M. boulderensis,B1,13.05,17,0.00682,16,13,0.81,2591,2.833213344,0.115999993
B3,M. boulderensis,B1,11.54,,,15,12,0.8,2591,,
B6,M. boulderensis,B1,11.7,,,14,11,0.79,2591,,
B1 6/14,M. boulderensis,B1,12.78,,,16,12,0.75,2591,,
B21 6-11,M. boulderensis,B1,12.07,17,0.0053,18,13,0.72,2591,2.833213344,0.0901
B24 6-11,M. boulderensis,B1,12.71,,0.00573,14,10,0.71,2591,,
B13 6-11,M. boulderensis,B1,11.88,14,0.00572,16,10,0.63,2591,2.63905733,0.080100006
B1 6-11,M. boulderensis,B1,12.52,,,12,7,0.58,2591,,
B17 6-11,M. boulderensis,B1,12.54,16,0.00583,18,10,0.56,2591,2.772588722,0.0932
B10 6-11,M. boulderensis,B1,12.88,17,0.00673,20,9,0.45,2591,2.833213344,0.114400004
B38 7-2,M. boulderensis,B1,12.44,11,0.00531,,,,2591,2.397895273,0.058400001
B6 6/18,M. boulderensis,B1,12.93,13,0.00622,,,,2591,2.564949357,0.080800005
B4 6/12,M. boulderensis,B1,12.18,16,0.00526,,,,2591,2.772588722,0.0842
B22 6-11,M. boulderensis,B1,12.23,17,0.00575,,,,2591,2.833213344,0.097700003
B5,M. boulderensis,B1,11.81,8,0.00744,,,,2591,2.079441542,0.0595
C1 6-12,M. boulderensis,C1,12.28,11,0.00419,18,18,1,3048,2.397895273,0.046099999
C8 6-11,M. boulderensis,C1,11.83,,,14,14,1,3048,,
C5 6-11,M. boulderensis,C1,12.29,,,14,14,1,3048,,
C9 6-11,M. boulderensis,C1,12.61,,,15,15,1,3048,,
C1,M. boulderensis,C1,12.3,14,0.00532,16,16,1,3048,2.63905733,0.074500006
C2,M. boulderensis,C1,12.38,18,0.00598,15,15,1,3048,2.890371758,0.107595
C3,M. boulderensis,C1,12.29,18,0.00586,18,18,1,3048,2.890371758,0.105400008
C4,M. boulderensis,C1,12.8,,0.00557,16,16,1,3048,,
C5,M. boulderensis,C1,12.67,19,0.00559,18,18,1,3048,2.944438979,0.106300003
C6,M. boulderensis,C1,11.87,13,0.00591,16,16,1,3048,2.564949357,0.076799996
C7,M. boulderensis,C1,11.54,14,0.00536,14,14,1,3048,2.63905733,0.075030004
C8,M. boulderensis,C1,12.04,17,0.0062,18,18,1,3048,2.833213344,0.1054
C9,M. boulderensis,C1,12.56,14,0.00634,14,14,1,3048,2.63905733,0.088799998
C10,M. boulderensis,C1,12.36,17,0.00562,18,18,1,3048,2.833213344,0.095499999
C5 7-26,M. boulderensis,C1,11.93,17,0.00504,18,17,0.94,3048,2.833213344,0.085699992
C14 6-11,M. boulderensis,C1,13.04,,,18,16,0.89,3048,,
C6 6-11,M. boulderensis,C1,12.49,15,0.00595,16,14,0.88,3048,2.708050201,0.089299995
C16 6/11,M. boulderensis,C1,12.47,,,16,14,0.88,3048,,
C17 6/11,M. boulderensis,C1,12.39,,,14,11,0.79,3048,,
C4 7-26,M. boulderensis,C1,11.5,14,0.00649,18,14,0.78,3048,2.63905733,0.090799996
C15 6-11,M. boulderensis,C1,12.24,,,18,14,0.78,3048,,
C2 7-26,M. boulderensis,C1,11.64,15,0.00613,16,12,0.75,3048,2.708050201,0.091900005
C4 6-11,M. boulderensis,C1,11.86,,,18,13,0.72,3048,,
C19 6-11,M. boulderensis,C1,12.83,17,0.0051,18,12,0.67,3048,2.833213344,0.0867
C30 6-11,M. boulderensis,C1,12.46,15,0.00476,16,6,0.38,3048,2.708050201,0.0714
C7 6-11,M. boulderensis,C1,12.64,16,0.00526,16,5,0.31,3048,2.772588722,0.0842
C1 7-26,M. boulderensis,C1,12.09,13,0.00552,,,,3048,2.564949357,0.071800001
C26 6-11,M. boulderensis,C1,11.42,13,0.00574,,,,3048,2.564949357,0.074600006
C6 6-12,M. boulderensis,C1,12.58,16,0.00436,,,,3048,2.772588722,0.0697
C21 6/11,M. boulderensis,C1,12.01,17,0.00433,,,,3048,2.833213344,0.073600004
C2 6/12,M. boulderensis,C1,12.65,20,0.00573,,,,3048,2.995732274,0.1146
C3 6-13,M. boulderensis,C1,12.16,21,0.00544,,,,3048,3.044522438,0.114199995
D10 8-14,M. boulderensis,D1,10.45,15,0.00401,20,20,1,3515,2.708050201,0.060100005
D48 7/17,M. boulderensis,D1,11.17,18,0.00434,18,18,1,3515,2.890371758,0.078100002
D21 7/14,M. boulderensis,D1,11.39,18,0.00412,18,18,1,3515,2.890371758,0.074100006
D20 7/17,M. boulderensis,D1,10.3,,,12,12,1,3515,,
D1,M. boulderensis,D1,10.72,15,0.0052,18,18,1,3515,2.708050201,0.078
D2,M. boulderensis,D1,11.19,17,0.00455,20,20,1,3515,2.833213344,0.077399997
D3,M. boulderensis,D1,11.04,,,20,20,1,3515,,
D5,M. boulderensis,D1,10.99,,,22,22,1,3515,,
D7,M. boulderensis,D1,11.34,,,18,18,1,3515,,
D8,M. boulderensis,D1,10.45,,,18,18,1,3515,,
D9,M. boulderensis,D1,,,,16,16,1,3515,,
D6,M. boulderensis,D1,10.44,,,20,19,0.95,3515,,
D24 7/19,M. boulderensis,D1,10.83,12,0.00468,16,15,0.94,3515,2.48490665,0.0561
D3 8-14,M. boulderensis,D1,10.4,15,0.00416,16,15,0.94,3515,2.708050201,0.0624
D26 7/17,M. boulderensis,D1,11.13,15,0.00412,16,15,0.94,3515,2.708050201,0.0618
D22 7/14,M. boulderensis,D1,10.95,,,14,13,0.93,3515,,
D4 8-14,M. boulderensis,D1,10.94,18,0.00521,20,18,0.9,3515,2.890371758,0.093799998
D14 7/14,M. boulderensis,D1,11.3,19,0.00358,20,18,0.9,3515,2.944438979,0.067999993
D31 7/23,M. boulderensis,D1,11.39,20,0.00355,20,18,0.9,3515,2.995732274,0.0709
D47 7/19,M. boulderensis,D1,11.03,,,18,16,0.89,3515,,
D18 7/17,M. boulderensis,D1,11.31,,,17,15,0.88,3515,,
D1 8-14,M. boulderensis,D1,,,,14,12,0.86,3515,,
D8 8-14,M. boulderensis,D1,10.67,11,0.00266,14,11,0.79,3515,2.397895273,0.029299996
D15 7/14,M. boulderensis,D1,12.24,17,0.00456,16,12,0.75,3515,2.833213344,0.077500008
 D4 7/17,M. boulderensis,D1,11.03,10,0.00368,16,10,0.63,3515,2.302585093,0.0368
D6 8-14,M. boulderensis,D1,10.37,10,0.00403,,,,3515,2.302585093,0.0403
D2 8-14,M. boulderensis,D1,10.5,12,0.00415,,,,3515,2.48490665,0.0498
D13 7/19,M. boulderensis,D1,,13,0.00434,,,,3515,2.564949357,0.056400006
D36 7/19,M. boulderensis,D1,10.15,14,0.0042,,,,3515,2.63905733,0.0588
D25 7/23,M. boulderensis,D1,10.53,15,0.00222,,,,3515,2.708050201,0.0333
D9 8-14,M. boulderensis,D1,11.21,15,0.00476,,,,3515,2.708050201,0.0714
D5 7/17,M. boulderensis,D1,11,16,0.00433,,,,3515,2.772588722,0.0692
D15 7/17,M. boulderensis,D1,11.38,16,0.00417,,,,3515,2.772588722,0.0667
D54 7/14,M. boulderensis,D1,11.35,17,0.00346,,,,3515,2.833213344,0.058900002
D52 7/14,M. boulderensis,D1,11.32,18,0.00396,,,,3515,2.890371758,0.071299998
A6 7-25,C. pellucida,A1,13.19,24,0.00436,24,24,1,2195,3.17805383,0.1047
A4,C. pellucida,A1,11.69,20,0.00439,22,22,1,2195,2.995732274,0.0878
A7,C. pellucida,A1,13.9,21,0.0051,24,24,1,2195,3.044522438,0.107159997
A8,C. pellucida,A1,13.49,22,0.00532,28,27,0.96,2195,3.091042453,0.117099994
A1,C. pellucida,A1,12.41,20,0.00458,26,25,0.96,2195,2.995732274,0.0915
A2,C. pellucida,A1,12.96,18,0.00434,25,24,0.96,2195,2.890371758,0.078199992
A10 7-5,C. pellucida,A1,12.49,18,0.00463,24,23,0.96,2195,2.890371758,0.083399994
A12 7-5,C. pellucida,A1,13.66,22,0.00432,24,23,0.96,2195,3.091042453,0.09493
A8 7-25,C. pellucida,A1,13.73,28,0.00452,30,28,0.93,2195,3.33220451,0.126600012
A10 7-25,C. pellucida,A1,12.49,16,0.004,27,25,0.93,2195,2.772588722,0.064
A15 7-25,C. pellucida,A1,12.86,21,0.00493,27,25,0.93,2195,3.044522438,0.103499991
A1 7-5,C. pellucida,A1,12.35,13,0.00367,24,22,0.92,2195,2.564949357,0.047700003
A1-B 7-2,C. pellucida,A1,12.54,,,24,22,0.92,2195,,
A11 7-25,C. pellucida,A1,13.15,,,24,22,0.92,2195,,
A18 7-5,C. pellucida,A1,13.77,20,,22,20,0.91,2195,2.995732274,
A1 7-25,C. pellucida,A1,12.58,21,0.00448,29,26,0.9,2195,3.044522438,0.094099992
A19 7-2,C. pellucida,A1,12.78,,,25,22,0.88,2195,,
A16 7-5,C. pellucida,A1,12.71,,,28,24,0.86,2195,,
A12 7-25,C. pellucida,A1,12.24,14,0.00498,24,20,0.83,2195,2.63905733,0.069699994
A1 7-5 B,C. pellucida,A1,12.38,,,,,,2195,,
A20 7-5,C. pellucida,A1,12.52,,,20,,,2195,,
A3 7-5,C. pellucida,A1,12.89,15,0.00373,,,,2195,2.708050201,0.055999995
A2 7-25,C. pellucida,A1,12.99,19,0.0044,,,,2195,2.944438979,0.0836
A13 7-25,C. pellucida,A1,13.02,21,0.00413,,,,2195,3.044522438,0.086799993
A9 7-25,C. pellucida,A1,13.18,19,0.00491,,,,2195,2.944438979,0.093299994
A4 7-25,C. pellucida,A1,13.29,,0.0032,,20,,2195,,
A13 7-5,C. pellucida,A1,13.38,,,,,,2195,,
A14 7-5,C. pellucida,A1,13.48,,,,,,2195,,
A4 7-5,C. pellucida,A1,13.58,18,0.00444,,,,2195,2.890371758,0.079900002
A7 7-5,C. pellucida,A1,13.64,,,,,,2195,,
B2,C. pellucida,B1,12.55,15,0.00404,24,24,1,2591,2.708050201,0.0606
B3,C. pellucida,B1,12.28,14,0.00437,26,26,1,2591,2.63905733,0.061200006
B7,C. pellucida,B1,12.24,13,0.00472,26,26,1,2591,2.564949357,0.061300005
B11,C. pellucida,B1,12.56,,,25,25,1,2591,,
B12,C. pellucida,B1,12.2,16,0.00563,28,28,1,2591,2.772588722,0.0901
B21 7-25,C. pellucida,B1,12.51,21,0.0046,27,26,0.96,2591,3.044522438,0.0966
B9,C. pellucida,B1,11.47,18,0.00411,26,25,0.96,2591,2.890371758,0.073900008
B4,C. pellucida,B1,14.17,,,24,23,0.96,2591,,
B6,C. pellucida,B1,12.06,15,0.00324,24,23,0.96,2591,2.708050201,0.0486
B24 7-25,C. pellucida,B1,13.2,,0.00313,24,22,0.92,2591,,
B5,C. pellucida,B1,12.64,,,24,22,0.92,2591,,
B13,C. pellucida,B1,12.01,16,0.00428,24,22,0.92,2591,2.772588722,0.0685
B1,C. pellucida,B1,12.06,23,0.00322,22,20,0.91,2591,3.135494216,0.074099997
B17 7-13,C. pellucida,B1,12.84,17,0.00474,28,25,0.89,2591,2.833213344,0.080553854
B16 7-25,C. pellucida,B1,13.23,25,0.00452,28,25,0.89,2591,3.218875825,0.113
B27 7-25,C. pellucida,B1,12.27,,,18,16,0.89,2591,,
B4 7-1,C. pellucida,B1,12.91,,,26,23,0.88,2591,,
B11 7-1,C. pellucida,B1,11.72,20,,24,21,0.88,2591,2.995732274,
B26 7-25,C. pellucida,B1,12.52,26,0.00457,30,26,0.87,2591,3.258096538,0.118906658
B20 7-13,C. pellucida,B1,12.43,,,26,20,0.77,2591,,
B6 7-25,C. pellucida,B1,12.02,,,,,,2591,,
B8 7-13,C. pellucida,B1,12.07,14,0.00305,,,,2591,2.63905733,0.0427
B17 7-25 B,C. pellucida,B1,12.27,19,0.00388,,,,2591,2.944438979,0.073800009
B4 7-25,C. pellucida,B1,12.3,14,0.00407,,,,2591,2.63905733,0.056933338
B30 7-25,C. pellucida,B1,12.34,18,0.00243,,,,2591,2.890371758,0.043700004
B22 7-13,C. pellucida,B1,12.56,,,,,,2591,,
B29 7-25,C. pellucida,B1,12.85,16,0.00438,,,,2591,2.772588722,0.0701
B7 7-25,C. pellucida,B1,13.64,26,0.0047,,,,2591,3.258096538,0.122100004
B35 7-2,C. pellucida,B1,14.35,,,,,,2591,,
B8,C. pellucida,B1,12.88,13,0.00511,,,,2591,2.564949357,0.066399996
C12,C. pellucida,C1,12.55,23,0.00452,28,28,1,3048,3.135494216,0.103999997
C16 7/28,C. pellucida,C1,12.72,25,0.00331,26,25,0.96,3048,3.218875825,0.0828
C13,C. pellucida,C1,12.27,,,26,25,0.96,3048,,
C8,C. pellucida,C1,13.47,20,0.00606,24,23,0.96,3048,2.995732274,0.1212
C22 7/23,C. pellucida,C1,12.75,,,30,28,0.93,3048,,
C3,C. pellucida,C1,11.91,,,30,28,0.93,3048,,
C5 8-26,C. pellucida,C1,12.63,26,0.00437,28,26,0.93,3048,3.258096538,0.113600006
C14 7/25,C. pellucida,C1,12.55,,,26,24,0.92,3048,,
C3 8-26,C. pellucida,C1,12.69,19,0.00555,26,24,0.92,3048,2.944438979,0.105500008
C11,C. pellucida,C1,13.02,24,0.00393,26,24,0.92,3048,3.17805383,0.0942
C5,C. pellucida,C1,13.14,22,0.0044,24,22,0.92,3048,3.091042453,0.096816918
C9,C. pellucida,C1,12.9,24,0.00411,24,22,0.92,3048,3.17805383,0.098608704
C9 8-26,C. pellucida,C1,12.75,,,24,21,0.88,3048,,
C15,C. pellucida,C1,13.57,,,28,24,0.86,3048,,
C23 7/23,C. pellucida,C1,13.38,22,0.00363,26,22,0.85,3048,3.091042453,0.079899996
C4,C. pellucida,C1,13.44,26,0.00509,22,18,0.82,3048,3.258096538,0.13222183
C2 8-26,C. pellucida,C1,12.21,,,26,20,0.77,3048,,
C15 7/23,C. pellucida,C1,12.63,14,0.0039,30,22,0.73,3048,2.63905733,0.0546
C10,C. pellucida,C1,13.3,18,0.00628,26,19,0.73,3048,2.890371758,0.113000004
C7 8-26,C. pellucida,C1,12,,,30,18,0.6,3048,,
C24 7/23,C. pellucida,C1,12.63,,,,,,3048,,
C9 7/23,C. pellucida,C1,12.66,23,0.00335,,,,3048,3.135494216,0.076999998
F11,C. pellucida,C1,12.94,27,0.00496,,,,3048,3.295836866,0.133899993
C26 7/23,C. pellucida,C1,13,27,0.00446,,,,3048,3.295836866,0.12042
C21 7/23,C. pellucida,C1,13.81,,,,,,3048,,
C1 7/23,C. pellucida,C1,14.15,26,0.00348,,,,3048,3.258096538,0.090399998
F20,C. pellucida,C1,13.16,28,0.00429,,,,3048,3.33220451,0.119999992
C1,C. pellucida,C1,13.37,27,0.00479,,,,3048,3.295836866,0.129199995
C2,C. pellucida,C1,13,28,0.0039,,,,3048,3.33220451,0.1092
C7,C. pellucida,C1,13.28,17,0.00379,,,,3048,2.833213344,0.064399995
RF3 7-5,C. pellucida,RedFox,11.61,14,0.00221,22,22,1,1577,2.63905733,0.031000004
RF4 7-5,C. pellucida,RedFox,11.8,20,0.00326,24,24,1,1577,2.995732274,0.06526316
RF10 7-5,C. pellucida,RedFox,11.82,,,26,26,1,1577,,
RF19 7-5,C. pellucida,RedFox,12.36,18,0.00362,28,28,1,1577,2.890371758,0.065199996
RF15 7-5,C. pellucida,RedFox,12.52,28,0.00335,28,28,1,1577,3.33220451,0.0938
RF16 7-5,C. pellucida,RedFox,12.74,20,0.00262,25,25,1,1577,2.995732274,0.05231578
RF14 7-5,C. pellucida,RedFox,12.8,22,0.00284,25,25,1,1577,3.091042453,0.062499998
RF6 7-5,C. pellucida,RedFox,12.87,,,24,24,1,1577,,
RF1,C. pellucida,RedFox,13.33,25,0.0033,26,26,1,1577,3.218875825,0.0826
RF3,C. pellucida,RedFox,12.12,18,0.00342,28,28,1,1577,2.890371758,0.061500006
RF5,C. pellucida,RedFox,13.1,24,0.00361,24,24,1,1577,3.17805383,0.086599992
RF6,C. pellucida,RedFox,12.69,,,28,28,1,1577,,
RF2 7-5,C. pellucida,RedFox,13.14,,0.00384,28,27,0.96,1577,,
RF18 7-5,C. pellucida,RedFox,13.24,16,0.00349,28,27,0.96,1577,2.772588722,0.0558
RF27 7-5,C. pellucida,RedFox,,,,24,23,0.96,1577,,
RF1 7-5,C. pellucida,RedFox,13.27,,,22,21,0.95,1577,,
RF4,C. pellucida,RedFox,12.63,25,0.00316,30,26,0.87,1577,3.218875825,0.0791
RF 7-5,C. pellucida,RedFox,11.6,,,,,,1577,,
RF5 7-5,C. pellucida,RedFox,11.69,,,30,,,1577,,
RF12 7-5,C. pellucida,RedFox,11.92,,,,,,1577,,
RF17 7-5,C. pellucida,RedFox,12.11,25,0.00428,,,,1577,3.218875825,0.1071
RF9 7-5,C. pellucida,RedFox,12.32,,,,,,1577,,
RF7 7-5,C. pellucida,RedFox,12.81,,,,,,1577,,
RF24 7-5,C. pellucida,RedFox,12.83,,,,,,1577,,
RF8 7-5,C. pellucida,RedFox,13.33,,,,,,1577,,
RF21 7-5,C. pellucida,RedFox,13.72,,,,,,1577,,
RF13 7-5,C. pellucida,RedFox,13.94,26,0.00356,,,,1577,3.258096538,0.092599988
RF2,C. pellucida,RedFox,13.28,,,,,,1577,,
A1 7-21 18,M. sanguinipes,A1,12.63,18,0.00231,28,28,1,2195,2.890371758,0.04161177
A10 7-5,M. sanguinipes,A1,13.71,21,0.00248,26,26,1,2195,3.044522438,0.052099992
A12 7-25,M. sanguinipes,A1,13.75,26,0.00219,26,26,1,2195,3.258096538,0.056845464
A3,M. sanguinipes,A1,13.14,14,0.0023,27,27,1,2195,2.63905733,0.0322
A8 7-5,M. sanguinipes,A1,13.96,26,0.00188,30,29,0.97,2195,3.258096538,0.0489125
A1,M. sanguinipes,A1,13.54,21,0.00236,28,27,0.96,2195,3.044522438,0.049636356
A1 7-5,M. sanguinipes,A1,13,17,0.00179,26,25,0.96,2195,2.833213344,0.030399995
7-21 A1 SAN 11,M. sanguinipes,A1,13.06,25,0.00222,26,25,0.96,2195,3.218875825,0.055535725
A6,M. sanguinipes,A1,13.58,23,0.00191,26,25,0.96,2195,3.135494216,0.043815
A7 7-5,M. sanguinipes,A1,13.63,26,0.00162,30,28,0.93,2195,3.258096538,0.04212
A9,M. sanguinipes,A1,12.56,23,0.00223,29,27,0.93,2195,3.135494216,0.051397525
A11 7-25,M. sanguinipes,A1,12.48,17,0.00189,28,26,0.93,2195,2.833213344,0.032186661
A1 7-5 B,M. sanguinipes,A1,13.23,20,0.00156,28,26,0.93,2195,2.995732274,0.0311579
A4 7-5,M. sanguinipes,A1,13.35,,,28,26,0.93,2195,,
A6 7-25,M. sanguinipes,A1,12.82,,0.00242,26,24,0.92,2195,,
A1 7-25,M. sanguinipes,A1,14.47,,,26,24,0.92,2195,,
A6 7-5,M. sanguinipes,A1,13.14,,,24,22,0.92,2195,,
A4,M. sanguinipes,A1,13.48,22,0.0024,28,25,0.89,2195,3.091042453,0.0528
A7,M. sanguinipes,A1,13.73,22,0.00193,26,23,0.88,2195,3.091042453,0.042533326
A9 7-25,M. sanguinipes,A1,,16,0.00234,24,21,0.88,2195,2.772588722,0.037485712
A7 7-25,M. sanguinipes,A1,12,18,0.00175,24,21,0.88,2195,2.890371758,0.0315
A10 7-25,M. sanguinipes,A1,11.8,17,0.00236,24,20,0.83,2195,2.833213344,0.04005625
A11 7-5,M. sanguinipes,A1,11.99,17,0.00207,33,26,0.79,2195,2.833213344,0.03516875
A5,M. sanguinipes,A1,13.9,26,0.00252,27,17,0.63,2195,3.258096538,0.065500006
A4 7-5,M. sanguinipes,A1,14.2,23,0.0018,,,,2195,3.135494216,0.0414
A7 7-1,M. sanguinipes,A1,12.58,24,0.00222,,,,2195,3.17805383,0.053316864
A5 7-5,M. sanguinipes,A1,12.71,,,,,,2195,,
A10 7-2,M. sanguinipes,A1,13.07,,,,,,2195,,
A2 7-5,M. sanguinipes,A1,13.6,,,,,,2195,,
A3 7-5,M. sanguinipes,A1,13.02,,,,,,2195,,
A2 7-25,M. sanguinipes,A1,12.47,24,0.00252,,,,2195,3.17805383,0.060439488
B2,M. sanguinipes,B1,14.66,22,0.0027,22,22,1,2591,3.091042453,0.05949999
B21,M. sanguinipes,B1,12.57,21,0.00232,28,28,1,2591,3.044522438,0.04880001
B23,M. sanguinipes,B1,12.35,21,0.00235,25,25,1,2591,3.044522438,0.049400001
B26,M. sanguinipes,B1,13.05,18,0.00229,24,24,1,2591,2.890371758,0.041299992
B7,M. sanguinipes,B1,13.02,19,0.00221,27,26,0.96,2591,2.944438979,0.0420375
B1,M. sanguinipes,B1,13.04,18,0.00254,26,25,0.96,2591,2.890371758,0.045700002
B3,M. sanguinipes,B1,13.9,23,0.00213,26,25,0.96,2591,3.135494216,0.049100009
B11,M. sanguinipes,B1,12.96,23,0.00232,26,25,0.96,2591,3.135494216,0.053299993
B25,M. sanguinipes,B1,13.35,,,25,24,0.96,2591,,
B4,M. sanguinipes,B1,12.96,20,0.00265,24,23,0.96,2591,2.995732274,0.05294118
B19,M. sanguinipes,B1,13.06,20,0.00248,24,23,0.96,2591,2.995732274,0.04968422
B5,M. sanguinipes,B1,12.06,21,0.00224,22,21,0.95,2591,3.044522438,0.046999995
B10,M. sanguinipes,B1,13.1,20,0.00203,22,21,0.95,2591,2.995732274,0.04053334
B12,M. sanguinipes,B1,12.41,18,,22,21,0.95,2591,2.890371758,
B24,M. sanguinipes,B1,13.28,19,0.0028,22,21,0.95,2591,2.944438979,0.0532
B8,M. sanguinipes,B1,12.78,18,0.00246,28,26,0.93,2591,2.890371758,0.044200008
B18,M. sanguinipes,B1,13.03,20,0.00286,27,25,0.93,2591,2.995732274,0.0572
B16,M. sanguinipes,B1,12.02,27,0.00217,32,29,0.91,2591,3.295836866,0.05859999
B9,M. sanguinipes,B1,12.38,24,0.00272,20,18,0.9,2591,3.17805383,0.065299992
B6,M. sanguinipes,B1,12.93,26,0.00254,28,25,0.89,2591,3.258096538,0.066000012
B22,M. sanguinipes,B1,13.41,24,0.00259,28,25,0.89,2591,3.17805383,0.062200008
B13,M. sanguinipes,B1,11.89,21,0.00266,26,22,0.85,2591,3.044522438,0.055800003
B14,M. sanguinipes,B1,12.78,17,0.00258,22,18,0.82,2591,2.833213344,0.043800007
B17,M. sanguinipes,B1,12.08,13,0.00288,22,18,0.82,2591,2.564949357,0.037399999
B15,M. sanguinipes,B1,12.46,20,0.00245,,,,2591,2.995732274,0.0489
B20,M. sanguinipes,B1,12.17,,,,,,2591,,
B19DUP,M. sanguinipes,B1,,14,0.00262,,,,2591,2.63905733,0.036700006
Bw,M. sanguinipes,B1,13.27,,,,,,2591,,
Bx,M. sanguinipes,B1,12.5,,,,,,2591,,
By,M. sanguinipes,B1,12.74,,,,,,2591,,
Bz,M. sanguinipes,B1,13.2,,,,,,2591,,
C2 8-26,M. sanguinipes,C1,13.56,24,0.00201,26,24,0.92,3048,3.17805383,0.048199992
C3 8-14,M. sanguinipes,C1,13.55,24,0.00237,25,25,1,3048,3.17805383,0.056899992
C3,M. sanguinipes,C1,13.18,,,26,26,1,3048,,
C12,M. sanguinipes,C1,13.82,12,0.00296,28,27,0.96,3048,2.48490665,0.035499996
C4 8-26,M. sanguinipes,C1,13.43,25,0.00247,26,25,0.96,3048,3.218875825,0.0617
C7,M. sanguinipes,C1,13.78,26,0.0023,25,24,0.96,3048,3.258096538,0.0598
C2 B,M. sanguinipes,C1,13.55,,,24,23,0.96,3048,,
C11 8-24,M. sanguinipes,C1,12.83,24,0.00189,26,24,0.92,3048,3.17805383,0.0453
C6 8-24,M. sanguinipes,C1,14.22,23,0.00208,26,23,0.88,3048,3.135494216,0.047815781
C6,M. sanguinipes,C1,13.25,13,0.00228,26,23,0.88,3048,2.564949357,0.029575
C13 8-24,M. sanguinipes,C1,13.44,29,0.0022,30,26,0.87,3048,3.36729583,0.063899992
C7 8-24,M. sanguinipes,C1,13.19,14,0.00286,28,24,0.86,3048,2.63905733,0.040000002
C9 7/23,M. sanguinipes,C1,14.29,,,28,24,0.86,3048,,
C5,M. sanguinipes,C1,12.85,,0.0027,28,24,0.86,3048,,
C12 8-24,M. sanguinipes,C1,13.17,22,0.00192,26,22,0.85,3048,3.091042453,0.042200004
C2,M. sanguinipes,C1,12.83,23,0.00243,26,22,0.85,3048,3.135494216,0.055900005
C8,M. sanguinipes,C1,13.34,,,26,22,0.85,3048,,
C1 8-26,M. sanguinipes,C1,13.09,24,0.00189,24,20,0.83,3048,3.17805383,0.045400008
C1 7/23,M. sanguinipes,C1,14.34,23,0.00223,28,23,0.82,3048,3.135494216,0.05129
C6 8-26,M. sanguinipes,C1,13.33,18,0.00216,22,18,0.82,3048,2.890371758,0.038925
C4 8-14,M. sanguinipes,C1,13.29,17,0.00221,24,19,0.79,3048,2.833213344,0.037499994
C6 7-25,M. sanguinipes,C1,12.97,19,0.00199,24,19,0.79,3048,2.944438979,0.037776465
C10,M. sanguinipes,C1,13.3,,,24,19,0.79,3048,,
C5 7-23,M. sanguinipes,C1,13.31,24,0.00212,30,22,0.73,3048,3.17805383,0.050899992
C10 7/23,M. sanguinipes,C1,12.37,19,0.00251,26,19,0.73,3048,2.944438979,0.047723535
C10 8-24,M. sanguinipes,C1,13.65,21,0.00231,,,,3048,3.044522438,0.048416676
C1,M. sanguinipes,C1,13.97,22,0.00244,,,,3048,3.091042453,0.053600008
C4,M. sanguinipes,C1,14.25,26,0.00227,,,,3048,3.258096538,0.058968
C9,M. sanguinipes,C1,13.44,25,0.00219,,,,3048,3.218875825,0.054868425
C11,M. sanguinipes,C1,14.05,27,0.00251,,,,3048,3.295836866,0.067642101
RF21 7-5,M. sanguinipes,RedFox,13.08,10,0.0015,24,24,1,1577,2.302585093,0.015
RF18 7-5,M. sanguinipes,RedFox,13.14,18,0.00162,26,26,1,1577,2.890371758,0.029100006
RF10 7-5,M. sanguinipes,RedFox,13.51,21,0.00151,22,22,1,1577,3.044522438,0.031616676
RFD 7-5,M. sanguinipes,RedFox,12.67,22,0.00199,22,22,1,1577,3.091042453,0.043706674
RF11 7-5,M. sanguinipes,RedFox,13.77,24,0.00155,26,26,1,1577,3.17805383,0.037300008
RF9 7-5,M. sanguinipes,RedFox,12.5,,,30,30,1,1577,,
RF2,M. sanguinipes,RedFox,13.08,24,0.00242,24,24,1,1577,3.17805383,0.05808
RF3,M. sanguinipes,RedFox,13.76,22,0.00239,24,24,1,1577,3.091042453,0.052616674
RF6,M. sanguinipes,RedFox,14.16,26,0.00235,26,26,1,1577,3.258096538,0.061023534
RF7,M. sanguinipes,RedFox,13.39,26,0.00185,28,28,1,1577,3.258096538,0.048000004
RF8,M. sanguinipes,RedFox,13.95,26,0.00262,26,26,1,1577,3.258096538,0.06799
RF9,M. sanguinipes,RedFox,12.53,19,0.00248,20,20,1,1577,2.944438979,0.047092849
RF10,M. sanguinipes,RedFox,14.01,24,0.0025,26,26,1,1577,3.17805383,0.05989092
RF12,M. sanguinipes,RedFox,13.64,22,0.00258,22,22,1,1577,3.091042453,0.05676
RF2 7-5,M. sanguinipes,RedFox,12.96,16,0.00181,30,29,0.97,1577,2.772588722,0.029
RF19 7-5,M. sanguinipes,RedFox,12.92,19,0.00199,28,27,0.96,1577,2.944438979,0.037873327
RFH 7-5,M. sanguinipes,RedFox,13.31,27,0.00176,28,27,0.96,1577,3.295836866,0.047499993
RF13,M. sanguinipes,RedFox,13.77,24,0.00226,30,28,0.93,1577,3.17805383,0.05424
RF4 7-5,M. sanguinipes,RedFox,13.48,20,0.00183,27,25,0.93,1577,2.995732274,0.0366
RF1 7-5,M. sanguinipes,RedFox,13.63,16,0.00185,23,21,0.91,1577,2.772588722,0.0296
RF7 7-5,M. sanguinipes,RedFox,12.98,13,0.00187,28,25,0.89,1577,2.564949357,0.02431
RF20 7-5,M. sanguinipes,RedFox,13.04,19,0.002,28,25,0.89,1577,2.944438979,0.038
RF5,M. sanguinipes,RedFox,13.03,19,0.00234,23,20,0.87,1577,2.944438979,0.044514283
RF1,M. sanguinipes,RedFox,12.88,,,28,24,0.86,1577,,
RF16 7-5,M. sanguinipes,RedFox,13.67,24,0.00195,,,,1577,3.17805383,0.0468
RF6 7-5,M. sanguinipes,RedFox,12.52,,0.00198,,,,1577,,
RF27 7-5,M. sanguinipes,RedFox,13.33,,,,,,1577,,
RF17 7-5,M. sanguinipes,RedFox,12.94,,,,,,1577,,
RF14 7-5,M. sanguinipes,RedFox,12.8,,,,,,1577,,
RF13 7-5,M. sanguinipes,RedFox,13.01,,,,,,1577,,
RF4,M. sanguinipes,RedFox,12.77,,,,,,1577,,